{
  "tasks": [
    {
      "id": "1",
      "title": "Learn Angular",
      "important": true
    },
    {
      "id": "8150",
      "title": "hvhhnvgv",
      "important": true
    },
    {
      "id": "957f",
      "title": "njbjh",
      "completed": true
    },
    {
      "id": "d797",
      "title": "mbhjh",
      "completed": true
    },
    {
      "id": "1b41",
      "title": "hbjhbjb",
      "important": true
    },
    {
      "id": "3628",
      "title": "hgjbh",
      "completed": true
    },
    {
      "id": "a66f",
      "title": "hello",
      "completed": true,
      "important": true
    },
    {
      "id": "4b73",
      "title": "hello hi"
    }
  ]
}